quest_id,competency_id,competency_statement
budget_first_plan,fin_1,"Понимать назначение личного и семейного бюджетов и то, что расходы не должны превышать доходов."
budget_leftover,fin_1,"Понимать назначение личного и семейного бюджетов и то, что расходы не должны превышать доходов."
budget_unexpected,fin_1,"Понимать назначение личного и семейного бюджетов и то, что расходы не должны превышать доходов."
payments_compare_price,fin_2,Различать обязательные и необязательные расходы: необходимое и желаемое.
payments_not_enough,fin_2,Различать обязательные и необязательные расходы: необходимое и желаемое.
payments_need_vs_want,fin_2,Различать обязательные и необязательные расходы: необходимое и желаемое.
budget_first_plan,fin_3,Планировать простые покупки и принимать решения в условиях ограниченного бюджета.
budget_unexpected,fin_3,Планировать простые покупки и принимать решения в условиях ограниченного бюджета.
payments_compare_price,fin_3,Планировать простые покупки и принимать решения в условиях ограниченного бюджета.
payments_need_vs_want,fin_3,Планировать простые покупки и принимать решения в условиях ограниченного бюджета.
saving_first_goal,fin_4,Ставить краткосрочную финансовую цель и регулярно откладывать часть средств.
saving_regular,fin_4,Ставить краткосрочную финансовую цель и регулярно откладывать часть средств.
saving_withdraw,fin_4,Ставить краткосрочную финансовую цель и регулярно откладывать часть средств.
budget_leftover,fin_5,"Оценивать собственные финансовые решения и объяснять, к чему они привели."
budget_unexpected,fin_5,"Оценивать собственные финансовые решения и объяснять, к чему они привели."
saving_regular,fin_5,"Оценивать собственные финансовые решения и объяснять, к чему они привели."
saving_withdraw,fin_5,"Оценивать собственные финансовые решения и объяснять, к чему они привели."
payments_need_vs_want,fin_5,"Оценивать собственные финансовые решения и объяснять, к чему они привели."
